name,full_name,uuid
Accessories,Accessories,62835d2e-ac92-41fc-9b8d-4aba8c1c25d5
,,
,,
,,
Amp Covers,Accessories / Amp Covers,cdadd9b5-9d6d-4193-b0ee-b94d9ffd02ec
,,
,,
,,
Banjo Strings,Accessories / Strings / Banjo Strings,af044b2e-88b9-4b3d-97f3-1d7b7c0831af
,,
,,
,,
Bass Cases,Accessories / Cases and Gig Bags / Bass Cases,bd397c15-0cf3-4c6f-8005-7b8309ced1c4
,,
,,
,,
Bass Gig Bags,Accessories / Cases and Gig Bags / Bass Gig Bags,ad1bc64f-ef22-4e54-a3fc-8db3cf038d35
,,
,,
,,
Bass Strings,Accessories / Strings / Bass Strings,d806bffe-8e7b-4be0-a80d-13dfb16db675
,,
,,
,,
Books and DVDs,Accessories / Books and DVDs,7681b711-435c-4923-bdc3-65076d15d78c
,,
,,
,,
Cable Adapters and Splitters,Accessories / Cable Adapters and Splitters,58e4378e-545b-441b-844d-e171025101d5
,,
,,
,,
Cables,Accessories / Cables,516cfd7e-e745-44cf-bb72-053b3edcddaf
,,
,,
,,
Capos,Accessories / Capos,6c29a999-cc23-47b6-ade9-68a14b8e3149
,,
,,
,,
Case Candy,Accessories / Case Candy,5cb132e1-1a42-42f4-bcd1-cf17405e7aff
,,
,,
,,
Guitar Cases,Accessories / Cases and Gig Bags / Guitar Cases,b1f4ce46-26e5-4f27-8b8a-66bd0f41a8eb
,,
,,
,,
Guitar Gig Bags,Accessories / Cases and Gig Bags / Guitar Gig Bags,9f2edb74-fcd6-41a2-8d25-99222cc2577a
,,
,,
,,
Guitar Strings,Accessories / Strings / Guitar Strings,df6f1f19-e67e-42c7-b00b-608cb577edf4
,,
,,
,,
Headphones,Accessories / Headphones,5004a624-03c4-436b-81bf-78a108eb595d
,,
,,
,,
Humidifiers,Accessories / Humidifiers,797faee0-04fd-4998-954d-83c88c8e8527
,,
,,
,,
Mandolin Strings,Accessories / Strings / Mandolin Strings,c584855a-319b-46c8-9578-489325c9318c
,,
,,
,,
Merchandise,Accessories / Merchandise,22af0079-d5e7-48d1-9e5c-108105a2156c
,,
,,
,,
Metronome,Accessories / Metronome,0fa6ff05-bfb7-4b1c-913c-0b66f2897fbc
,,
,,
,,
Other Strings,Accessories / Strings / Other Strings,8dc53835-25c2-47a6-a51b-97a899d8ce2e
,,
,,
,,
Picks,Accessories / Picks,98a45e2d-2cc2-4b17-b695-a5d198c8f6d3
,,
,,
,,
Power Supplies,Accessories / Power Supplies,1f7ab3de-1751-4e3f-9c08-f3173179f465
,,
,,
,,
Slides,Accessories / Slides,f5b5d030-51db-0134-7b64-2cbc3295deb9
,,
,,
,,
Stands,Accessories / Stands,bb1ca93f-5dcc-48ec-adad-77d22f61b588
,,
,,
,,
Straps,Accessories / Straps,1b357626-300e-47dd-85b0-bf657bca1a96
,,
,,
,,
Tools,Accessories / Tools,4ca6d5e9-f00f-468d-bcae-8c7497537281
,,
,,
,,
Tuners,Accessories / Tuners,aff19d6a-ad5e-4b3b-b21c-8aa71ae834c6
,,
,,
,,
Ukulele Strings,Accessories / Strings / Ukulele Strings,a119407f-1192-42c9-93f1-d59e952f9917
,,
,,
,,
Acoustic Guitars,Acoustic Guitars,3ca3eb03-7eac-477d-b253-15ce603d2550
,,
,,
,,
12-String,Acoustic Guitars / 12-String,14d6cc96-ed7b-4521-bc21-7713c61e9dc5
,,
,,
,,
Archtop,Acoustic Guitars / Archtop,be24976f-ab6e-42e1-a29b-275e5fbca68f
,,
,,
,,
Baritone,Acoustic Guitars / Baritone,d63135ba-55a8-4742-9891-a01d91538d96
,,
,,
,,
Built-in Electronics,Acoustic Guitars / Built-in Electronics,09ea109a-5df1-4156-b00c-7456a3e5abf3
,,
,,
,,
Classical,Acoustic Guitars / Classical,a7f470d1-266d-4495-b4d6-998cc84b7474
,,
,,
,,
Concert,Acoustic Guitars / Concert,18bdeae7-e834-42a8-aeee-0e8ae33f8709
,,
,,
,,
Dreadnought,Acoustic Guitars / Dreadnought,630dc140-45e2-4371-b569-19405de321cc
,,
,,
,,
Jumbo,Acoustic Guitars / Jumbo,c58c6c12-4b50-4568-90c9-e071ec8e6a26
,,
,,
,,
Left-Handed,Acoustic Guitars / Left-Handed,af33fcd5-f10a-407d-a39d-92765a7d4796
,,
,,
,,
Mini/Travel,Acoustic Guitars / Mini/Travel,090748e6-9ca8-4083-896b-d59e0aa42582
,,
,,
,,
OM and Auditorium,Acoustic Guitars / OM and Auditorium,db34e833-b352-45b9-9976-4f674a7e6d8c
,,
,,
,,
Parlor,Acoustic Guitars / Parlor,15cedc86-0e56-4800-b3f0-0f99fab350cb
,,
,,
,,
Resonator,Acoustic Guitars / Resonator,8b531867-88ee-46c5-b6d1-40d2d6b9dc35
,,
,,
,,
Tenor,Acoustic Guitars / Tenor,ef1628c8-6af5-401a-9cc9-d52cff12cf81
,,
,,
,,
Amps,Amps,09055aa7-ed49-459d-9452-aa959f288dc2
,,
,,
,,
Acoustic Amps,Amps / Acoustic Amps,100a3e13-4d9c-4ee6-b093-d464b101f26e
,,
,,
,,
Attenuators,Amps / Attenuators,4069c185-c9a4-4354-b09f-31e83fbde2f1
,,
,,
,,
Bass Cabinets,Amps / Bass Cabinets,6c664a95-048a-4795-b0ad-c7c03d9eee4c
,,
,,
,,
Bass Combos,Amps / Bass Combos,052c7288-b2e0-42d2-8927-2c9176ef1699
,,
,,
,,
Bass Heads,Amps / Bass Heads,892aa8b2-a209-49db-8ad2-eed758025a9d
,,
,,
,,
Boutique Amps,Amps / Boutique Amps,4ca4f473-567f-46b0-8b66-9936a1179cd6
,,
,,
,,
Guitar Cabinets,Amps / Guitar Cabinets,f1b3d127-4158-43c3-934b-e402adc3d6ca
,,
,,
,,
Guitar Combos,Amps / Guitar Combos,10335451-31e5-418a-8ed8-f48cd738f17d
,,
,,
,,
Guitar Heads,Amps / Guitar Heads,19d53222-297e-410c-ba4f-b48678e917f9
,,
,,
,,
Keyboard Amps,Amps / Keyboard Amps,bfaedcbb-d128-4f5e-b708-d475c6c32277
,,
,,
,,
Modeling Amps,Amps / Modeling Amps,0338462f-285a-4273-afde-47c4fc752e3f
,,
,,
,,
Small Amps,Amps / Small Amps,edd6e048-a378-4f6f-b2b5-dd46016c6118
,,
,,
,,
Band and Orchestra,Band and Orchestra,032c74d0-b0e2-4442-877f-e1a22438a7fa
,,
,,
,,
Baritone,Band and Orchestra / Brass / Baritone,aefe60d2-6b9e-461c-9952-85d084f4b919
,,
,,
,,
Bassoons,Band and Orchestra / Woodwind / Bassoons,5d1a7016-8c02-4b22-8094-101c4d897bb4
,,
,,
,,
Brass Accessories,Band and Orchestra / Brass / Brass Accessories,dcd03dd7-e1bf-4fb9-84a5-0e5126a3fc64
,,
,,
,,
Cellos,Band and Orchestra / String / Cellos,b73c1a62-1ba7-473e-80c0-b6b14fc65e77
,,
,,
,,
Clarinets,Band and Orchestra / Woodwind / Clarinets,fa60a987-584a-4731-9471-99d90c45a4d3
,,
,,
,,
Flutes,Band and Orchestra / Woodwind / Flutes,bf495fa4-f89f-4b09-9c54-ede0d086a226
,,
,,
,,
French Horns,Band and Orchestra / Brass / French Horns,bf70811f-7934-42ec-83b3-d75d51a265e1
,,
,,
,,
Harps,Band and Orchestra / String / Harps,ef040ff3-b7fc-4dc2-bcde-fb3d3f27d170
,,
,,
,,
Oboes,Band and Orchestra / Woodwind / Oboes,a256fd82-ab99-4c7e-9fed-9f3b912b52e3
,,
,,
,,
Saxophones,Band and Orchestra / Woodwind / Saxophones,5c89d4ef-7652-4f89-b766-bb257e746099
,,
,,
,,
String Accessories,Band and Orchestra / String / String Accessories,ac90b7da-303f-4219-b6ea-3270d63d6a05
,,
,,
,,
Trombones,Band and Orchestra / Brass / Trombones,4ca764aa-56d7-42a6-80cc-75d125ab4d97
,,
,,
,,
Trumpets,Band and Orchestra / Brass / Trumpets,d1c7768e-068d-4b0f-8e3d-b4e7be71a751
,,
,,
,,
Tubas,Band and Orchestra / Brass / Tubas,7e3c8eb2-b638-47cc-a4c6-d7171a358305
,,
,,
,,
Upright Bass,Band and Orchestra / String / Upright Bass,a9013455-2233-4860-9f80-9d0606ef5405
,,
,,
,,
Violas,Band and Orchestra / String / Violas,bacbeb52-d91c-4160-80ce-1f62a00072ca
,,
,,
,,
Violins,Band and Orchestra / String / Violins,0c9548aa-4c07-4ceb-9ebf-bc3bbb581e75
,,
,,
,,
Woodwind Accessories,Band and Orchestra / Woodwind / Woodwind Accessories,0aa66738-2512-4952-8626-4edec26c7a01
,,
,,
,,
Bass Guitars,Bass Guitars,53a9c7d7-d73d-4e7f-905c-553503e50a90
,,
,,
,,
4-String,Bass Guitars / 4-String,ac571749-28c7-4eec-a1d9-09dca3cf3e5f
,,
,,
,,
5-String or More,Bass Guitars / 5-String or More,3178be7d-f1cd-4da5-a606-bf3c1b8e834d
,,
,,
,,
Acoustic Bass Guitars,Bass Guitars / Acoustic Bass Guitars,bd0f2bd8-714b-4d19-ad87-05c5695a3b02
,,
,,
,,
Active Electronics,Bass Guitars / Active Electronics,a69d9614-7635-45f4-8fd5-4931ce756655
,,
,,
,,
Fretless,Bass Guitars / Fretless,5b9e2d05-0797-4c53-a653-390516aef1e9
,,
,,
,,
Left-Handed,Bass Guitars / Left-Handed,0cd005a7-90ce-4f51-8e3c-b7acc4fa82f0
,,
,,
,,
Short Scale,Bass Guitars / Short Scale,07276aa7-6f18-4cae-a691-e6043b002fa4
,,
,,
,,
DJ and Lighting Gear,DJ and Lighting Gear,58d889f7-0aa1-4689-a9d3-da16dd225e8d
,,
,,
,,
All-in-one DJ Systems,DJ and Lighting Gear / All-in-one DJ Systems,1c65040a-6cca-4834-985e-44b2b29c14c1
,,
,,
,,
DJ Controllers,DJ and Lighting Gear / DJ Controllers,5737678f-8d15-4df2-b402-869d5bfc04bd
,,
,,
,,
DJ Interfaces,DJ and Lighting Gear / DJ Interfaces,4bf02b52-1389-4c07-af81-8e73f4eebaa0
,,
,,
,,
Lighting,DJ and Lighting Gear / Lighting,87581b0b-de93-49c2-9fe5-6ac5e62987f0
,,
,,
,,
Mixers,DJ and Lighting Gear / Mixers,d007c1a2-be03-4d5a-b2df-182a0da41271
,,
,,
,,
Turntables,DJ and Lighting Gear / Turntables,f8c37b8b-a8c6-4967-a2a4-7d50717a52ab
,,
,,
,,
Drums and Percussion,Drums and Percussion,b3cb9f8e-4cb6-4325-8215-1efcd9999daf
,,
,,
,,
Auxiliary Percussion,Drums and Percussion / Auxiliary Percussion,8260fe5a-bc98-4600-a64c-e1564bb8ee5b
,,
,,
,,
Bass Drum,Drums and Percussion / Acoustic Drums / Bass Drum,9fc2f928-2abf-466f-a7c9-74019e518251
,,
,,
,,
Bells and Glockenspiels,Drums and Percussion / Mallet Percussion / Bells and Glockenspiels,a0d444bf-5545-4408-b5f3-ad2d45c1627f
,,
,,
,,
Cajons,Drums and Percussion / Hand Drums / Cajons,70c36cd6-15b7-4787-80c2-ee939893d761
,,
,,
,,
Cases and Bags,Drums and Percussion / Parts and Accessories / Cases and Bags,a04839b4-ef84-4568-9d38-e057509b1836
,,
,,
,,
Concert Bass Drums,Drums and Percussion / Concert Percussion / Concert Bass Drums,545b991b-6236-4e52-ae82-5c8a8b47d428
,,
,,
,,
Concert Cymbals,Drums and Percussion / Concert Percussion / Concert Cymbals,6db94baf-d467-4cd1-8c2d-f7893448ff69
,,
,,
,,
Concert Snare Drums,Drums and Percussion / Concert Percussion / Concert Snare Drums,059db6fa-cedf-40af-b36e-e08a98d51b87
,,
,,
,,
Concert Toms,Drums and Percussion / Concert Percussion / Concert Toms,b1956192-43f1-49bd-ac43-83f677036194
,,
,,
,,
Congas and Bongos,Drums and Percussion / Hand Drums / Congas and Bongos,db8beca4-652b-4f36-8875-4001cd6b916b
,,
,,
,,
Crash,Drums and Percussion / Cymbals / Crash,14351391-330c-4cc5-9094-037f7c88a745
,,
,,
,,
Cymbal Packs,Drums and Percussion / Cymbals / Cymbal Packs,e632cb6c-bfc2-4140-ac63-c8edbe5db58a
,,
,,
,,
Djembes,Drums and Percussion / Hand Drums / Djembes,6c767197-4717-4c71-aada-d4173c85efbd
,,
,,
,,
Drum Keys and Tuners,Drums and Percussion / Parts and Accessories / Drum Keys and Tuners,b93ec8ea-a975-4ccb-a8c7-48bb75500905
,,
,,
,,
Drum Machines and Samplers,Drums and Percussion / Drum Machines and Samplers,feb3c208-d3d5-4a57-bb7a-6e594b914dc0
,,
,,
,,
Drum Parts,Drums and Percussion / Parts and Accessories / Drum Parts,800b0095-e12e-4304-b599-225c6e5bd61e
,,
,,
,,
Drum Sticks and Mallets,Drums and Percussion / Parts and Accessories / Drum Sticks and Mallets,ad12f92f-a8d5-4b27-9676-7e9c8da9bcee
,,
,,
,,
Full Acoustic Kits,Drums and Percussion / Acoustic Drums / Full Acoustic Kits,b905874b-ecdd-43f0-99e5-5c4d6857ff99
,,
,,
,,
Full Electronic Kits,Drums and Percussion / Electronic Drums / Full Electronic Kits,66695cf7-b835-4792-9eb8-e6c22cf22ba9
,,
,,
,,
Gongs,Drums and Percussion / Concert Percussion / Gongs,a7c8bcd2-e9f1-4fd8-b3bf-f54865827965
,,
,,
,,
Heads,Drums and Percussion / Parts and Accessories / Heads,7a28aae1-de39-4c8b-ae37-b621fc46a5e9
,,
,,
,,
Hi-Hats,Drums and Percussion / Cymbals / Hi-Hats,662e6fd4-2465-4699-9b75-32707eb3cfbb
,,
,,
,,
Marching Bass Drums,Drums and Percussion / Marching Percussion / Marching Bass Drums,66bb7da7-9b89-485c-85ea-d3ef53ddd39f
,,
,,
,,
Marching Cymbals,Drums and Percussion / Marching Percussion / Marching Cymbals,ecb1bc0c-1f79-40a9-9429-0696defa7b19
,,
,,
,,
Marching Snare Drums,Drums and Percussion / Marching Percussion / Marching Snare Drums,fd5b4ede-019d-42c1-9fe9-325d296af2e4
,,
,,
,,
Marching Toms and Tenors,Drums and Percussion / Marching Percussion / Marching Toms and Tenors,281156ed-a044-44fe-af7e-229fd082f624
,,
,,
,,
Marimbas,Drums and Percussion / Mallet Percussion / Marimbas,c6c3d9d6-e735-4c13-b1e0-3f593968f4f1
,,
,,
,,
Modules,Drums and Percussion / Electronic Drums / Modules,caa94b2b-d52b-499c-b4bb-412568747078
,,
,,
,,
Mounts,Drums and Percussion / Parts and Accessories / Mounts,59d20746-12e0-45a8-b2ce-aa21cbdeec5f
,,
,,
,,
"Other (Splash, China, etc)","Drums and Percussion / Cymbals / Other (Splash, China, etc)",93d86ecd-27e6-452c-9a43-16a0c5d547ab
,,
,,
,,
Pad Controllers,Drums and Percussion / Pad Controllers,8f8e21ff-aa89-4f79-943c-dfaab20251f4
,,
,,
,,
Pedals,Drums and Percussion / Parts and Accessories / Pedals,4fe438c3-8312-4c52-b8d6-9f502174cbe7
,,
,,
,,
Practice Pads,Drums and Percussion / Practice Pads,6491252a-5921-476b-8244-18295f83e809
,,
,,
,,
Ride,Drums and Percussion / Cymbals / Ride,da296454-3c03-407b-9dca-3b09f9ceef3f
,,
,,
,,
Shakers,Drums and Percussion / Hand Drums / Shakers,5dac8308-df5f-4568-9439-fc0f55a87e8e
,,
,,
,,
Snare,Drums and Percussion / Acoustic Drums / Snare,d3a11618-98ef-4488-9dc0-84410675aa44
,,
,,
,,
Stands,Drums and Percussion / Parts and Accessories / Stands,77995b11-8194-483c-8c1f-b176c8547e71
,,
,,
,,
Thrones,Drums and Percussion / Parts and Accessories / Thrones,a79c7ff7-059c-473d-99f3-0846201e9733
,,
,,
,,
Timpani,Drums and Percussion / Concert Percussion / Timpani,d3373fb5-c795-4214-aba2-6dfc73eed437
,,
,,
,,
Tom,Drums and Percussion / Acoustic Drums / Tom,89111ae8-1ab9-4655-81aa-6da9d1cda2ab
,,
,,
,,
Vibraphones,Drums and Percussion / Mallet Percussion / Vibraphones,af49e039-c41a-49e5-8da8-368b2bea96a7
,,
,,
,,
Xylophones,Drums and Percussion / Mallet Percussion / Xylophones,a9d7ea5c-16c4-44ac-ab18-79a6b4d9646e
,,
,,
,,
Effects and Pedals,Effects and Pedals,fa10f97c-dd98-4a8f-933b-8cb55eb653dd
,,
,,
,,
Amp Modeling,Effects and Pedals / Amp Modeling,fc775402-66a5-4248-8e71-fd9be6b2214a
,,
,,
,,
Bass Pedals,Effects and Pedals / Bass Pedals,c6602a28-e2e7-4e70-abeb-0fa38b320be6
,,
,,
,,
Buffer,Effects and Pedals / Buffer,dedbbe5c-dea0-452d-a8c7-56c46e549083
,,
,,
,,
Cab Sims,Effects and Pedals / Cab Sims,82d5df57-43fd-4f66-9011-9bf737e2265b
,,
,,
,,
Chorus and Vibrato,Effects and Pedals / Chorus and Vibrato,15800d29-53a1-446e-8560-7a74a6d8d962
,,
,,
,,
Compression and Sustain,Effects and Pedals / Compression and Sustain,86d377ed-c038-4353-a391-f592ebd6d921
,,
,,
,,
"Controllers, Volume and Expression","Effects and Pedals / Controllers, Volume and Expression",6bd92034-d59c-4d78-a6c1-1e8a3c31b31e
,,
,,
,,
Delay,Effects and Pedals / Delay,3b09f948-3462-4ac2-93b3-59dd66da787e
,,
,,
,,
Distortion,Effects and Pedals / Distortion,732e30f0-21cf-4960-a3d4-bb90c68081db
,,
,,
,,
EQ,Effects and Pedals / EQ,ec612b9c-6227-4249-9010-b85b6b0eb5b0
,,
,,
,,
Flanger,Effects and Pedals / Flanger,b753bcd4-2cc5-4ea1-8f01-c8b034012372
,,
,,
,,
Fuzz,Effects and Pedals / Fuzz,305e09a1-f9cb-4171-8a70-6428ad1b55a8
,,
,,
,,
Guitar Synths,Effects and Pedals / Guitar Synths,7e6b6d7c-cdd5-4a42-bceb-6ea12899137b
,,
,,
,,
Loop Pedals and Samplers,Effects and Pedals / Loop Pedals and Samplers,66170426-1b4d-4361-8002-3282f4907217
,,
,,
,,
Multi-Effect Unit,Effects and Pedals / Multi-Effect Unit,2d6093b4-6b33-474e-b07c-25f6657d7956
,,
,,
,,
Noise Generators,Effects and Pedals / Noise Generators,8a15a0e1-e341-44dd-9fd4-7093cf6daa64
,,
,,
,,
Noise Reduction and Gates,Effects and Pedals / Noise Reduction and Gates,8745626e-3273-4f9d-b7a1-ca5b202a8e6e
,,
,,
,,
Octave and Pitch,Effects and Pedals / Octave and Pitch,8dab3e10-a7f8-444b-aa9d-ccdab4fe66c6
,,
,,
,,
Overdrive and Boost,Effects and Pedals / Overdrive and Boost,9bee8b39-c5f1-4fa7-90af-38740fc21a73
,,
,,
,,
Pedalboards and Power Supplies,Effects and Pedals / Pedalboards and Power Supplies,66fd5c3b-3227-4182-9337-d0e4893be9a2
,,
,,
,,
Phase Shifters,Effects and Pedals / Phase Shifters,75e55b59-f57b-4e39-87b1-fcda4c1ed562
,,
,,
,,
Preamps,Effects and Pedals / Preamps,4d45f512-4dd5-4dae-95b7-7eb400ce406b
,,
,,
,,
Reverb,Effects and Pedals / Reverb,1738a9ae-6485-46c2-8ead-0807bb2e20e9
,,
,,
,,
Ring Modulators,Effects and Pedals / Ring Modulators,76e7e290-b3de-4df0-89ac-548fb678fc45
,,
,,
,,
Tremolo,Effects and Pedals / Tremolo,38f7f86b-5d7a-499a-9bdc-c3198395dfa6
,,
,,
,,
Tuning Pedals,Effects and Pedals / Tuning Pedals,69a7e38f-0ce8-42ea-a0f6-8a30b7f6886e
,,
,,
,,
Vocal,Effects and Pedals / Vocal,e5553727-8786-4932-8761-dab396640ff0
,,
,,
,,
Wahs and Filters,Effects and Pedals / Wahs and Filters,a92165b2-2281-4dc2-850f-2789f513ec10
,,
,,
,,
Electric Guitars,Electric Guitars,dfd39027-d134-4353-b9e4-57dc6be791b9
,,
,,
,,
12-String,Electric Guitars / 12-String,80d6ce96-487c-4ac1-ad10-d4bef6336fe6
,,
,,
,,
Archtop,Electric Guitars / Archtop,367e1d5d-1185-4a1e-b283-8ec860dc1d5f
,,
,,
,,
Baritone,Electric Guitars / Baritone,8f8b1f88-83f5-449c-8c93-b57cf3ba1fd7
,,
,,
,,
Hollow Body,Electric Guitars / Hollow Body,5db35d7e-2b7e-4dcf-a73b-6a144c710956
,,
,,
,,
Lap Steel,Electric Guitars / Lap Steel,ddd7553e-68d5-4005-a356-3f94202682a8
,,
,,
,,
Left-Handed,Electric Guitars / Left-Handed,c86f64cf-43df-4430-a2bf-b4126d81c5bd
,,
,,
,,
Pedal Steel,Electric Guitars / Pedal Steel,1c7938ae-08d1-4337-b064-ef278869011b
,,
,,
,,
Semi-Hollow,Electric Guitars / Semi-Hollow,6a63ac2e-f2a5-4064-b6ea-0393f42ee497
,,
,,
,,
Solid Body,Electric Guitars / Solid Body,e57deb7a-382b-4e18-a008-67d4fbcb2879
,,
,,
,,
Tenor,Electric Guitars / Tenor,69edc7c9-a145-4e7d-bab2-26e9df982c57
,,
,,
,,
Travel / Mini,Electric Guitars / Travel / Mini,60a89ea2-9604-46a8-a113-bfc065b48f28
,,
,,
,,
Folk Instruments,Folk Instruments,fb60628c-be4b-4be2-9c0f-bc5d31e3996c
,,
,,
,,
Accordions,Folk Instruments / Accordions,98a5fe5f-3399-45fc-95ec-a9f7fe9f41e8
,,
,,
,,
Bajo Quintos,Folk Instruments / Bajo Quintos,8373cae2-8a0e-4ec8-9c19-d7519deb41b3
,,
,,
,,
Bajo Sextos,Folk Instruments / Bajo Sextos,b05b0396-9ea9-4acc-a6d7-fd2f05736efa
,,
,,
,,
Banjos,Folk Instruments / Banjos,45ba2a33-add3-4f9d-a2d4-842fa663924f
,,
,,
,,
Guitarrones,Folk Instruments / Guitarrones,2b949508-b68d-4456-9353-85cffc9238d7
,,
,,
,,
Harmonicas,Folk Instruments / Harmonicas,41c7ac92-b6b4-443d-81d4-c06aa7f2002e
,,
,,
,,
Harmoniums,Folk Instruments / Harmoniums,d676f419-5955-4027-901f-352e0b0d113b
,,
,,
,,
Mandolins,Folk Instruments / Mandolins,d6322534-edf5-43dd-b1c0-99f0c28e3053
,,
,,
,,
Ouds,Folk Instruments / Ouds,9b29cd66-cbb4-4feb-acd0-9b7c0088341c
,,
,,
,,
Shrutis,Folk Instruments / Shrutis,5625b85a-7e06-447e-835a-5358b41d9a19
,,
,,
,,
Sitars,Folk Instruments / Sitars,ccaf6495-645f-4923-b2d2-38c7593996ae
,,
,,
,,
Ukuleles,Folk Instruments / Ukuleles,e70f504b-eee7-4b71-89bc-eb925e802b3d
,,
,,
,,
Vihuelas,Folk Instruments / Vihuelas,a4177e01-7aaa-45e4-8bda-4e7eaa2b72fa
,,
,,
,,
Home Audio,Home Audio,40e8bfd0-3021-43f7-b104-9d7b19af5c2b
,,
,,
,,
Amplifiers,Home Audio / Amplifiers,b7c14414-a2fb-4345-bd3d-887ce076769c
,,
,,
,,
Bookshelf Speakers,Home Audio / Speakers / Bookshelf Speakers,ad6abc16-7820-46fc-acbb-1845e4415b86
,,
,,
,,
CD Players,Home Audio / Digital Players / CD Players,47cb0d09-e0d2-41a6-bce6-5701e7a99eed
,,
,,
,,
Cables,Home Audio / Cables,21687a23-6d7c-45e4-a77f-05adafbf18b3
,,
,,
,,
Closed-back Headphones,Home Audio / Headphones / Closed-back Headphones,9357a4ce-1d80-40ed-8dbf-bfc89483acde
,,
,,
,,
Complete Stereo Systems,Home Audio / Complete Stereo Systems,69efce9d-d973-44b1-b3c9-bebe4797c744
,,
,,
,,
DACs,Home Audio / Digital Players / DACs,bd6ce3c9-b37a-4dd4-899b-9cf3488ebd4c
,,
,,
,,
Equalizers,Home Audio / Equalizers,afa4a4ae-efcf-4252-8dab-025a1c4ae5bc
,,
,,
,,
Floor Speakers,Home Audio / Speakers / Floor Speakers,09d93d42-72f1-42c1-9352-e28ec34b0ebf
,,
,,
,,
Headphone Parts and Accessories,Home Audio / Parts and Accessories / Headphone Parts and Accessories,96f2cafd-ada4-4864-8f5b-2c8739318892
,,
,,
,,
In-Ear Headphones,Home Audio / Headphones / In-Ear Headphones,a6e7512a-fdb1-4f92-9787-c44c8af76124
,,
,,
,,
In-wall Speakers,Home Audio / Speakers / In-wall Speakers,99dd83ce-0fd7-4125-a650-5d9d68e394d1
,,
,,
,,
Media Servers,Home Audio / Digital Players / Media Servers,56a98546-eae0-481a-9cba-7697cbad6795
,,
,,
,,
Noise-canceling Headphones,Home Audio / Headphones / Noise-canceling Headphones,73b6cf8b-aef7-4073-99a0-ed4088d27cea
,,
,,
,,
On-ear Headphones,Home Audio / Headphones / On-ear Headphones,7f07764a-073d-4ffe-ac2d-04c1b5a71bdf
,,
,,
,,
Open-back Headphones,Home Audio / Headphones / Open-back Headphones,594f4bc6-8748-4533-9630-d76d99df4d36
,,
,,
,,
Outdoor Speakers,Home Audio / Speakers / Outdoor Speakers,8fc23224-7570-4ccb-a1b9-cf1a42b0503e
,,
,,
,,
Over-ear Headphones,Home Audio / Headphones / Over-ear Headphones,7e6c29f0-9536-439b-a190-7e4fe75a8a2c
,,
,,
,,
Portable Digital Players,Home Audio / Digital Players / Portable Digital Players,0e4e93fd-d460-41ec-a703-c04ab2fb2403
,,
,,
,,
Portable Speaker Systems,Home Audio / Speakers / Portable Speaker Systems,7d6f824c-7f6a-4850-a4e6-33de8ce09c74
,,
,,
,,
Power Distribution and Conditioning,Home Audio / Power Distribution and Conditioning,2cd13545-e7f2-4713-a207-1b501c4d2f0c
,,
,,
,,
Preamps,Home Audio / Preamps,dbe028e5-454b-462c-b51b-467e10ea8f3b
,,
,,
,,
Receivers,Home Audio / Receivers,777d30e0-a38d-42dd-8ada-c49e7d01df25
,,
,,
,,
Speaker Parts and Accessories,Home Audio / Parts and Accessories / Speaker Parts and Accessories,3f6b77c2-996b-4e41-a6c2-2bd4bb6af4e3
,,
,,
,,
Streamers,Home Audio / Digital Players / Streamers,970f9ee2-5e08-456d-a066-68e2d4a0217d
,,
,,
,,
Subwoofers,Home Audio / Speakers / Subwoofers,7305478f-5865-4100-b8d7-91629e14d3a4
,,
,,
,,
Surround and Satellite Speakers,Home Audio / Speakers / Surround and Satellite Speakers,ff66f312-2ea4-419d-a797-8a2ef3beea2c
,,
,,
,,
Tape Decks,Home Audio / Tape Decks,010855a4-d387-405f-929d-ec22667abadc
,,
,,
,,
Tuners and Radios,Home Audio / Tuners and Radios,2b92939c-5656-418e-b0c5-1bff2aa2ab86
,,
,,
,,
Turntable Parts and Accessories,Home Audio / Parts and Accessories / Turntable Parts and Accessories,4fc2f5ec-384c-49dd-adb9-4f437296ce0b
,,
,,
,,
Turntables,Home Audio / Turntables,ecd5b0f4-3393-4f3c-8ed8-3b8250e2b72d
,,
,,
,,
Wireless Headphones,Home Audio / Headphones / Wireless Headphones,37bb4d03-3cc8-4963-b8c2-a394137696a8
,,
,,
,,
Wireless Speakers,Home Audio / Speakers / Wireless Speakers,2f636273-2b30-4b4e-8347-fcaabd34087a
,,
,,
,,
Keyboards and Synths,Keyboards and Synths,d002db05-ab63-4c79-999c-d49bbe8d7739
,,
,,
,,
Analog Synths,Keyboards and Synths / Synths / Analog Synths,c577b406-a405-45ec-a8eb-56fbe628fa19
,,
,,
,,
Benches,Keyboards and Synths / Keyboard Accessories / Benches,702abcab-7cef-4e39-bb43-7d7b2af36211
,,
,,
,,
Cases,Keyboards and Synths / Keyboard Accessories / Cases,7737a99b-ff87-4174-8d35-a96cb7dfc4ea
,,
,,
,,
Controllers,Keyboards and Synths / Controllers,fa8d98c5-3538-46d1-b74a-d48c5222f889
,,
,,
,,
Digital Pianos,Keyboards and Synths / Digital Pianos,e8a9fc21-1e7b-475a-8928-5847fe1b5cca
,,
,,
,,
Digital Synths,Keyboards and Synths / Synths / Digital Synths,75b1e4a3-dbb4-46c5-8386-fa18546e097a
,,
,,
,,
Electric Pianos,Keyboards and Synths / Electric Pianos,148977b8-b308-4364-89fc-95859d2b3bc3
,,
,,
,,
Eurorack,Keyboards and Synths / Synths / Eurorack,32488d42-5c28-4568-a929-046578604fda
,,
,,
,,
Grand Pianos,Keyboards and Synths / Acoustic Pianos / Grand Pianos,07d56816-232f-48e7-8606-7ed040beab16
,,
,,
,,
Keyboard Parts,Keyboards and Synths / Keyboard Parts,6ae610f4-7c96-48ef-a94d-5e65f2c801b4
,,
,,
,,
Modular Synths,Keyboards and Synths / Synths / Modular Synths,16fcc8f2-74d5-48d1-b738-1fc33a1660ae
,,
,,
,,
Organs,Keyboards and Synths / Organs,f4499585-f591-4401-9191-f7ba9fdeb02c
,,
,,
,,
Pedals,Keyboards and Synths / Keyboard Accessories / Pedals,206ee409-a7e6-4c15-8ef9-eee27139a5fc
,,
,,
,,
Rackmount Synths,Keyboards and Synths / Synths / Rackmount Synths,9854a2b4-5db3-4dfd-85f1-dcb444d5d7f6
,,
,,
,,
Stands,Keyboards and Synths / Keyboard Accessories / Stands,64aa38c7-bbe6-4f9f-9df8-179107961d29
,,
,,
,,
Upright Pianos,Keyboards and Synths / Acoustic Pianos / Upright Pianos,b387f2a1-0781-490a-a3f7-9d1797235cc4
,,
,,
,,
Workstations,Keyboards and Synths / Workstations,4caba01d-fef3-4f67-9c2c-a5116d1faf0a
,,
,,
,,
Parts,Parts,1f99c852-9d20-4fd3-a903-91da9c805a5e
,,
,,
,,
Acoustic Pickups,Parts / Acoustic Pickups,c021312c-60e1-4246-a2bd-088bfca99b00
,,
,,
,,
Amp Parts,Parts / Amp Parts,eb1827f3-c02c-46ff-aea9-7983e2aae1b4
,,
,,
,,
Bass Guitar Parts,Parts / Bass Guitar Parts,3852c31e-5019-4cd6-8c60-ba5fd397cf43
,,
,,
,,
Bass Pickups,Parts / Bass Pickups,96843abf-85ee-4d86-93e9-3140d698f1b7
,,
,,
,,
Bridge Pins,Parts / Guitar Parts / Bridge Pins,5a2d407b-21d3-45b6-999c-d457a683f1b3
,,
,,
,,
Bridges,Parts / Guitar Parts / Bridges,ae1822ce-4a55-42b0-a094-b9be6b27fc62
,,
,,
,,
Guitar Bodies,Parts / Guitar Bodies,92aef906-a2fd-47be-85f5-8595cc61bedb
,,
,,
,,
Guitar Pickups,Parts / Guitar Pickups,ed9714d2-2b98-4e1e-b85e-eb2f948a8985
,,
,,
,,
Knobs,Parts / Knobs,f87eeadc-82f0-4e67-97df-8ac363f28e1a
,,
,,
,,
Necks,Parts / Guitar Parts / Necks,c33e4de7-7ec0-4de9-912c-98a4dcb268c8
,,
,,
,,
Pedal Parts,Parts / Pedal Parts,9614b33f-20dc-4381-9d16-aa1c086f0e7e
,,
,,
,,
Pickguards,Parts / Pickguards,2015ef45-0261-4fb5-a5ca-f33e76e5f8da
,,
,,
,,
Replacement Speakers,Parts / Replacement Speakers,6a00326e-3acc-4a53-be16-389d7b6a228c
,,
,,
,,
Tailpieces,Parts / Guitar Parts / Tailpieces,33095a65-5662-414a-b86d-0e874911da16
,,
,,
,,
Tubes,Parts / Tubes,7ddd7fc0-59cc-42ca-b52d-181e1eea4294
,,
,,
,,
Tuning Heads,Parts / Tuning Heads,3b1bc5f2-e783-4a53-b21c-61d54bff9837
,,
,,
,,
Pro Audio,Pro Audio,b021203f-1ed8-476c-a8fc-32d4e3b0ef9e
,,
,,
,,
500 Series,Pro Audio / 500 Series,47ebdc60-1ee5-4221-9b0b-fc45396fc003
,,
,,
,,
AD/DA Converters,Pro Audio / Outboard Gear / AD/DA Converters,f8bc7750-ce54-48d7-b130-c8ec5efd7b13
,,
,,
,,
Boxed Software,Pro Audio / Boxed Software,bb2ad5f1-32a9-4f1e-8fa1-fdf77c7e6cfd
,,
,,
,,
Channel Strips,Pro Audio / Outboard Gear / Channel Strips,37552beb-79c3-4231-b9aa-a5d559f7e7d4
,,
,,
,,
Compressors and Limiters,Pro Audio / Outboard Gear / Compressors and Limiters,8865016e-edbb-4ee7-a704-6ea0652d6bf4
,,
,,
,,
DI Boxes,Pro Audio / DI Boxes,0bbe9f3e-7a6e-4654-862f-96dd6136c9b3
,,
,,
,,
Delay,Pro Audio / Outboard Gear / Delay,d02b5dfa-38f1-4eec-9ebb-1eba6b108c53
,,
,,
,,
Equalizers,Pro Audio / Outboard Gear / Equalizers,1db56ead-c657-4a26-ac8b-2e441d5c6e76
,,
,,
,,
Gates and Expanders,Pro Audio / Outboard Gear / Gates and Expanders,10187eaa-7746-4978-9f44-7670e95a40da
,,
,,
,,
Interfaces,Pro Audio / Interfaces,dfb72735-b7a3-4c8f-9b14-0d1dd904af1e
,,
,,
,,
Microphone Preamps,Pro Audio / Outboard Gear / Microphone Preamps,d3c6e84c-5bb2-41a3-9a60-0e8b88edc515
,,
,,
,,
Microphones,Pro Audio / Microphones,0f2bbf76-3225-44d5-8a5b-c540cc1fd058
,,
,,
,,
Mixers,Pro Audio / Mixers,c63d7668-c0d1-421d-97ef-587959f7282c
,,
,,
,,
Multi-Effect,Pro Audio / Outboard Gear / Multi-Effect,101acc1f-ae38-4e27-9fde-1948498618aa
,,
,,
,,
Passive Speakers,Pro Audio / Speakers / Passive Speakers,7d314252-3de4-494c-9e49-27edc5ef6482
,,
,,
,,
Patchbays,Pro Audio / Patchbays,2b91a345-aad9-424e-ac6c-13c7d2d0d373
,,
,,
,,
Portable PA Systems,Pro Audio / Portable PA Systems,b7efe150-0629-463e-9fb5-7e1ccfed2c39
,,
,,
,,
Portable Recorders,Pro Audio / Portable Recorders,760ffd05-b7e1-4dc9-a293-5e3f1da33483
,,
,,
,,
Power Amps,Pro Audio / Power Amps,391e9807-91a1-4960-96d7-7ea8939a9b37
,,
,,
,,
Powered Mixers,Pro Audio / Powered Mixers,a509367a-6d89-4692-9e28-796357b009a7
,,
,,
,,
Powered Speakers,Pro Audio / Speakers / Powered Speakers,c666d943-19fe-4ba6-be48-107691e8f3d2
,,
,,
,,
Recording,Pro Audio / Recording,36a0faca-93b7-4ad1-ab09-02629ec1e900
,,
,,
,,
Reverb,Pro Audio / Outboard Gear / Reverb,af9cb76e-0fd3-43fe-9f2d-6f53a4e60371
,,
,,
,,
Studio Furniture,Pro Audio / Studio Furniture,70bfe6dc-f5a4-4a38-a6fb-0957ef1d6324
,,
,,
,,
Studio Monitors,Pro Audio / Speakers / Studio Monitors,f4104d52-a9ee-4256-8753-15bf5ff1b71d
,,
,,
,,
Summing,Pro Audio / Outboard Gear / Summing,8203898c-9272-4439-bc6e-8b86ed463e11
,,
,,
,,
Utility,Pro Audio / Outboard Gear / Utility,4a1f4a3a-c266-4771-b473-ec547b835e55
,,
,,
,,
Wireless Instrument Systems,Pro Audio / Accessories / Wireless Instrument Systems,f4009e8b-c421-4ba4-830e-ebdcb281dd4a
,,
,,
,,
Wireless Receivers,Pro Audio / Accessories / Wireless Receivers,58d52275-f213-4c21-919e-c38a7c9f35bc
,,
,,
,,
Wireless Transmitters,Pro Audio / Accessories / Wireless Transmitters,7f43425f-6b9c-4ec7-865b-4517ca49c9f8